"scenario","run","valid","k6_exit","rps","transfer_avg_ms","transfer_p95_ms","transfer_p99_ms","balance_p95_ms","history_p95_ms","succeeded","rejected_business","contention","faults","deadlocks","idem_originals","idem_replays","money_moved_once","ledger_balanced"
"baseline-transfers","1","True","99","220.3","135.7","252.9","323.6",,,"43387","0","0","0","0","0","0","","pass"
"baseline-transfers","2","True","99","214.9","139.2","274","359",,,"42301","0","0","0","0","0","0","","pass"
"baseline-transfers","3","True","99","194.2","152.9","351.6","458.6",,,"38531","0","0","0","0","0","0","","pass"
"hot-account","1","True","0","49.4","436.9","970.4","1068.8",,,"6414","0","0","0","0","0","0","","pass"
"hot-account","2","True","0","51.3","420.9","909.1","975.8",,,"6651","0","0","0","0","0","0","","pass"
"hot-account","3","True","0","50.1","431.3","953.9","1082.2",,,"6506","0","0","0","0","0","0","","pass"
"idempotency-storm","1","True","0","164","175.8","458.3","530.8",,,"1800","0","0","0","0","600","1200","pass","pass"
"idempotency-storm","2","True","0","170.4","169.2","440.3","477.6",,,"1800","0","0","0","0","600","1200","pass","pass"
"idempotency-storm","3","True","0","174.1","166.5","438.3","505.2",,,"1800","0","0","0","0","600","1200","pass","pass"
"mixed-workload","1","True","99","369.1","239.4","479.3","863","219.6","136.7","4958","0","0","0","0","0","0","","pass"
"mixed-workload","2","True","99","436.8","202.4","331","449.5","141","87.3","5877","0","0","0","0","0","0","","pass"
"mixed-workload","3","True","99","431.5","204.4","340.1","462.8","144.5","87.6","5804","0","0","0","0","0","0","","pass"
