"scenario","run","valid","k6_exit","rps","transfer_avg_ms","transfer_p95_ms","transfer_p99_ms","balance_p95_ms","history_p95_ms","succeeded","rejected_business","contention","dropped_iters","faults","deadlocks","idem_originals","idem_replays","money_moved_once","ledger_balanced"
"baseline-transfers","1","True","99","206.8","144.5","285.1","374.7",,,"40779","0","0","0","0","0","0","0","","pass"
"baseline-transfers","2","True","99","203.1","146.3","298.8","366.2",,,"40268","0","0","0","0","0","0","0","","pass"
"baseline-transfers","3","True","99","132.8","223.6","461.6","563.9",,,"26356","0","0","0","0","0","0","0","","pass"
"hot-account","1","True","0","37.5","576.3","1620.2","2120.2",,,"4879","0","0","0","0","0","0","0","","pass"
"hot-account","2","True","0","38.5","555.5","1399.9","2061.3",,,"5045","0","0","0","0","0","0","0","","pass"
"hot-account","3","True","0","51.8","416","867.4","978.4",,,"6733","0","0","0","0","0","0","0","","pass"
"idempotency-storm","1","True","0","164","175.2","440.7","549.9",,,"1800","0","0","0","0","0","600","1200","pass","pass"
"idempotency-storm","2","True","0","169.3","167.1","463","618",,,"1800","0","0","0","0","0","600","1200","pass","pass"
"idempotency-storm","3","True","0","176.4","161.6","393.7","565.2",,,"1800","0","0","0","0","0","600","1200","pass","pass"
"mixed-workload","1","True","99","586.2","267.3","413.6","598.5","66.1","66.9","4358","0","2","0","0","0","0","0","","pass"
"mixed-workload","2","True","99","715.1","219.9","341.2","438","54.1","55.1","5398","0","0","0","0","0","0","0","","pass"
"mixed-workload","3","False","99","585.5","269.1","426","624.3","72","73.4","4371","0","1","0","3","0","0","0","","pass"
